{'city': 'Seoul', 'temperature': 15.76, 'pressure': 1014, 'humidity': 94, 'description': "u'overcast clouds"}
{'city': 'Washington, D.C.', 'temperature': 13.02, 'pressure': 1016, 'humidity': 56, 'description': "u'broken clouds"}
{'city': 'Canberra', 'temperature': 4.25, 'pressure': 1033, 'humidity': 91, 'description': "u'clear sky"}
{'city': 'Vienna', 'temperature': 22.91, 'pressure': 1024, 'humidity': 41, 'description': "u'clear sky"}
{'city': 'Brussels', 'temperature': 20.25, 'pressure': 1020, 'humidity': 79, 'description': "u'broken clouds"}
{'city': 'Ottawa', 'temperature': 16.41, 'pressure': 1015, 'humidity': 62, 'description': "u'broken clouds"}
{'city': 'Prague', 'temperature': 22.75, 'pressure': 1023, 'humidity': 45, 'description': "u'clear sky"}
{'city': 'Copenhagen', 'temperature': 16.38, 'pressure': 1021, 'humidity': 81, 'description': "u'overcast clouds"}
{'city': 'Tallinn', 'temperature': 13.99, 'pressure': 1030, 'humidity': 72, 'description': "u'clear sky"}
{'city': 'Helsinki', 'temperature': 13.09, 'pressure': 1030, 'humidity': 86, 'description': "u'scattered clouds"}
{'city': 'Paris', 'temperature': 24.13, 'pressure': 1018, 'humidity': 61, 'description': "u'overcast clouds"}
{'city': 'Berlin', 'temperature': 23.91, 'pressure': 1022, 'humidity': 47, 'description': "u'broken clouds"}
{'city': 'Athens', 'temperature': 22.72, 'pressure': 1019, 'humidity': 49, 'description': "u'clear sky"}
{'city': 'Budapest', 'temperature': 22.91, 'pressure': 1025, 'humidity': 38, 'description': "u'clear sky"}
{'city': 'Reykjavik', 'temperature': 10.81, 'pressure': 999, 'humidity': 62, 'description': "u'overcast clouds"}
{'city': 'Dublin', 'temperature': 13.62, 'pressure': 1013, 'humidity': 77, 'description': "u'scattered clouds"}
{'city': 'Jerusalem', 'temperature': 20.4, 'pressure': 1015, 'humidity': 77, 'description': "u'clear sky"}
{'city': 'Rome', 'temperature': 21.36, 'pressure': 1016, 'humidity': 54, 'description': "u'few clouds"}
{'city': 'Tokyo', 'temperature': 21.92, 'pressure': 1010, 'humidity': 92, 'description': "u'moderate rain"}
{'city': 'iga', 'temperature': 21.02, 'pressure': 1012, 'humidity': 96, 'description': "u'heavy intensity rain"}
{'city': 'Vilnius', 'temperature': 13.96, 'pressure': 1031, 'humidity': 79, 'description': "u'few clouds"}
{'city': 'Luxembourg', 'temperature': 24.66, 'pressure': 1019, 'humidity': 60, 'description': "u'overcast clouds"}
{'city': 'Mexico City', 'temperature': 18.86, 'pressure': 1017, 'humidity': 63, 'description': "u'overcast clouds"}
{'city': 'Amsterdam', 'temperature': 17.66, 'pressure': 1021, 'humidity': 93, 'description': "u'moderate rain"}
{'city': 'Wellington', 'temperature': 7.96, 'pressure': 1011, 'humidity': 79, 'description': "u'clear sky"}
{'city': 'Oslo', 'temperature': 16.02, 'pressure': 1017, 'humidity': 85, 'description': "u'overcast clouds"}
{'city': 'Warsaw', 'temperature': 19.11, 'pressure': 1028, 'humidity': 60, 'description': "u'clear sky"}
{'city': 'Lisbon', 'temperature': 27.53, 'pressure': 1013, 'humidity': 47, 'description': "u'clear sky"}
{'city': 'Bratislava', 'temperature': 22.78, 'pressure': 1025, 'humidity': 44, 'description': "u'clear sky"}
{'city': 'Ljubljana', 'temperature': 19.72, 'pressure': 1024, 'humidity': 64, 'description': "u'clear sky"}
{'city': 'Madrid', 'temperature': 17.69, 'pressure': 1018, 'humidity': 79, 'description': "u'overcast clouds"}
{'city': 'holm', 'temperature': 9.96, 'pressure': 1034, 'humidity': 81, 'description': "u'clear sky"}
{'city': 'Bern', 'temperature': 25.96, 'pressure': 1019, 'humidity': 28, 'description': "u'overcast clouds"}
{'city': 'Ankara', 'temperature': 14.45, 'pressure': 1011, 'humidity': 84, 'description': "u'overcast clouds"}
